<?xml version="1.0" encoding="UTF-8" ?>
<!DOCTYPE mapper PUBLIC "-//mybatis.org//DTD Mapper 3.0//EN" "http://mybatis.org/dtd/mybatis-3-mapper.dtd" >
<mapper namespace="com.neu.mapper.UserMapper">

    <select id="findUserByName" parameterType="String" resultType="com.neu.pojo.User">
        SELECT * FROM user where userName=#{userName}
    </select>

    <select id="findUserById" parameterType="String" resultType="com.neu.pojo.User">
        SELECT * FROM user where id=#{id}
    </select>

    <!-- 代码编写处 -->

    <!-- 模糊查询 -->
    <select id="findUserByKeyword" resultType="com.neu.pojo.User">
        SELECT * FROM user WHERE username LIKE CONCAT('%', #{keyword}, '%')
    </select>

    <!-- 查询用户信息 -->
    <select id="findAll" parameterType="String" resultType="com.neu.pojo.User">
        SELECT * FROM user
    </select>

    <!-- 新增用户信息 -->
    <insert id="insert" parameterType="com.neu.pojo.User">
        INSERT INTO user(id, userName, password)
        VALUES (#{id}, #{userName}, #{password})
    </insert>

    <!-- 更新用户信息 -->
    <update id="update" parameterType="com.neu.pojo.User">
        UPDATE user SET userName=#{userName}, password=#{password} WHERE id=#{id}
    </update>

    <!-- 删除用户信息 -->
    <delete id="delete" parameterType="String">
        DELETE FROM user WHERE id = #{id}
    </delete>

</mapper>