<beans xmlns:xsi="http://www.w3.org/2001/XMLSchema-instance"
	   xmlns:context="http://www.springframework.org/schema/context"
	   xmlns="http://www.springframework.org/schema/beans"
	   xsi:schemaLocation="http://www.springframework.org/schema/beans
		http://www.springframework.org/schema/beans/spring-beans-4.0.xsd 


		http://www.springframework.org/schema/context 
		http://www.springframework.org/schema/context/spring-context-4.0.xsd">

    <!-- 加载db.properties文件中的内容，db.properties文件中key命名要有一定的特殊规则 -->
    <context:property-placeholder
            location="classpath:db.properties"/>

    <!-- 配置数据源 ，dbcp -->
    <bean id="dataSource"
          class="org.apache.commons.dbcp.BasicDataSource" destroy-method="close">
        <property name="driverClassName" value="${jdbc.driver}"/>
        <property name="url" value="${jdbc.url}"/>
        <property name="username" value="${jdbc.username}"/>
        <property name="password" value="${jdbc.password}"/>
        <property name="maxActive" value="30"/>
        <property name="maxIdle" value="5"/>
    </bean>

    <bean id="jdbcTemplate" class="org.springframework.jdbc.core.JdbcTemplate">
        <property name="dataSource" ref="dataSource"/>
    </bean>
    <!-- sqlSessionFactory -->
    <bean id="sqlSessionFactory"
          class="org.mybatis.spring.SqlSessionFactoryBean">
        <property name="dataSource" ref="dataSource"/><!-- 数据库连接池 -->
        <property name="configLocation"
                  value="classpath:sqlMapConfig.xml"/><!-- 加载mybatis的全局配置文件 -->
    </bean>

    <!-- mapper扫描器 -->
    <bean class="org.mybatis.spring.mapper.MapperScannerConfigurer">
        <!-- 扫描包路径，如果需要扫描多个包，中间使用半角逗号隔开 -->
        <property name="basePackage" value="com.neu.mapper"/>
        <property name="sqlSessionFactoryBeanName"
                  value="sqlSessionFactory"/>
    </bean>
</beans>