<beans xmlns:xsi="http://www.w3.org/2001/XMLSchema-instance"
	   xmlns:aop="http://www.springframework.org/schema/aop"
	   xmlns:tx="http://www.springframework.org/schema/tx"
	   xmlns="http://www.springframework.org/schema/beans"
	   xsi:schemaLocation="http://www.springframework.org/schema/beans
		http://www.springframework.org/schema/beans/spring-beans-4.0.xsd 




		http://www.springframework.org/schema/aop 
		http://www.springframework.org/schema/aop/spring-aop-4.0.xsd 
		http://www.springframework.org/schema/tx 
		http://www.springframework.org/schema/tx/spring-tx-4.0.xsd">

    <!-- 事务管理器 对mybatis操作数据库事务控制，spring使用jdbc的事务控制类 -->
    <bean id="transactionManager"
          class="org.springframework.jdbc.datasource.DataSourceTransactionManager">
        <property name="dataSource" ref="dataSource"/><!-- 数据源 dataSource在applicationContext-dao.xml中配置了 -->
    </bean>

    <!-- 通知 -->
    <tx:advice id="txAdvice"
               transaction-manager="transactionManager">
        <tx:attributes><!-- propagation：传播行为; read-only：是否只读; isolation：隔离级别 -->
            <tx:method name="save*" propagation="REQUIRED"/>
            <tx:method name="delete*" propagation="REQUIRED"/>
            <tx:method name="insert*" propagation="REQUIRED"/>
            <tx:method name="update*" propagation="REQUIRED"/>
            <tx:method name="find*" propagation="SUPPORTS"
                       read-only="true"/>
            <tx:method name="get*" propagation="SUPPORTS"
                       read-only="true"/>
            <tx:method name="select*" propagation="SUPPORTS"
                       read-only="true"/>
        </tx:attributes>
    </tx:advice>

    <!-- aop:配置织入 -->
    <aop:config>
        <!-- advisor：切面(切面=通知+切点); advice-ref：通知; pointcut：切点 -->
        <aop:advisor advice-ref="txAdvice"
                     pointcut="execution(* com.neu.service.*.*(..))"/>
    </aop:config>
</beans>