<beans xmlns:xsi="http://www.w3.org/2001/XMLSchema-instance"
       xmlns:mvc="http://www.springframework.org/schema/mvc"
       xmlns:context="http://www.springframework.org/schema/context"
       xmlns="http://www.springframework.org/schema/beans"
       xsi:schemaLocation="http://www.springframework.org/schema/beans
		http://www.springframework.org/schema/beans/spring-beans-4.0.xsd 
		http://www.springframework.org/schema/mvc 
		http://www.springframework.org/schema/mvc/spring-mvc-4.0.xsd 
		http://www.springframework.org/schema/context 
		http://www.springframework.org/schema/context/spring-context-4.0.xsd">
    <mvc:annotation-driven/><!-- 注解驱动 -->
    <!--包扫描-->
    <context:component-scan base-package="com.neu.service"/>
    <context:component-scan base-package="com.neu.mapper"/>
    <context:component-scan base-package="com.neu.controller"/>


    <!-- 视图解析器 -->
    <bean
            class="org.springframework.web.servlet.view.InternalResourceViewResolver">
        <property name="prefix" value="/WEB-INF/jsp/"/><!-- 配置jsp路径的前缀 -->
        <property name="suffix" value=".jsp"/><!-- 配置jsp路径的后缀 -->
    </bean>

    <!--放过/resources下的静态文件,放置js\css\图片等 -->
    <mvc:resources mapping="/resources/**" location="/resources/"/>
</beans>